"yr","week","full_wk","n","cum_n"
2023,1,"",51,51
2023,2,"",52,103
2023,3,"",69,172
2023,4,"",60,232
2023,5,"",67,299
2023,6,"",77,376
2023,7,"",88,464
2023,8,"",82,546
2023,9,"",62,608
2023,10,"",91,699
2023,11,"",51,750
2023,12,"",64,814
2023,13,"",84,898
2023,14,"",72,970
2023,15,"",69,1039
2023,16,"",85,1124
2023,17,"",61,1185
2023,18,"",78,1263
2023,19,"",70,1333
2023,20,"",71,1404
2023,21,"",53,1457
2023,22,"",106,1563
2023,23,"",87,1650
2023,24,"",46,1696
2023,25,"",56,1752
2023,26,"",94,1846
2023,27,"",72,1918
2023,28,"",64,1982
2023,29,"",81,2063
2023,30,"",84,2147
2023,31,"",86,2233
2023,32,"",66,2299
2023,33,"",67,2366
2023,34,"",72,2438
2023,35,"",81,2519
2023,36,"",75,2594
2023,37,"",88,2682
2023,38,"",73,2755
2023,39,"",64,2819
2023,40,"",68,2887
2023,41,"",66,2953
2023,42,"",45,2998
2023,43,"",64,3062
2023,44,"",77,3139
2023,45,"",78,3217
2023,46,"",69,3286
2023,47,"",68,3354
2023,48,"",49,3403
2023,49,"",60,3463
2023,50,"",71,3534
2023,51,"",97,3631
2023,52,"",84,3715
2024,1,"",70,70
2024,2,"",73,143
2024,3,"",68,211
2024,4,"",62,273
2024,5,"",59,332
2024,6,"",75,407
2024,7,"",80,487
2024,8,"",72,559
2024,9,"",51,610
2024,10,"",91,701
2024,11,"",73,774
2024,12,"",89,863
2024,13,"",103,966
2024,14,"",92,1058
2024,15,"",88,1146
2024,16,"",72,1218
2024,17,"",80,1298
2024,18,"",77,1375
2024,19,"",87,1462
2024,20,"",98,1560
2024,21,"",51,1611
2024,22,"",85,1696
2024,23,"",102,1798
2024,24,"",77,1875
2024,25,"",92,1967
2024,26,"",61,2028
2024,27,"",80,2108
2024,28,"",65,2173
2024,29,"",73,2246
2024,30,"",59,2305
2024,31,"",59,2364
2024,32,"",67,2431
2024,33,"",89,2520
2024,34,"",82,2602
2024,35,"",93,2695
2024,36,"",73,2768
2024,37,"",82,2850
2024,38,"",63,2913
2024,39,"",72,2985
2024,40,"",81,3066
2024,41,"",69,3135
2024,42,"",93,3228
2024,43,"",78,3306
2024,44,"",80,3386
2024,45,"",67,3453
2024,46,"",50,3503
2024,47,"",82,3585
2024,48,"",70,3655
2024,49,"",63,3718
2024,50,"",65,3783
2024,51,"",76,3859
2024,52,"",112,3971
2025,1,"",82,82
2025,2,"",54,136
2025,3,"",75,211
2025,4,"",88,299
2025,5,"",74,373
2025,6,"",77,450
2025,7,"",69,519
2025,8,"",68,587
2025,9,"",85,672
2025,10,"",91,763
2025,11,"",95,858
2025,12,"",93,951
2025,13,"",70,1021
2025,14,"",86,1107
2025,15,"",83,1190
2025,16,"",76,1266
2025,17,"",86,1352
2025,18,"",61,1413
2025,19,"",82,1495
2025,20,"",80,1575
2025,21,"",96,1671
2025,22,"",75,1746
2025,23,"",68,1814
2025,24,"",78,1892
2025,25,"",71,1963
2025,26,"",80,2043
2025,27,"",91,2134
2025,28,"",94,2228
2025,29,"",74,2302
2025,30,"",76,2378
2025,31,"",65,2443
2025,32,"",60,2503
2025,33,"",91,2594
2025,34,"",103,2697
2025,35,"",92,2789
2025,36,"",89,2878
2025,37,"",70,2948
2025,38,"",107,3055
2025,39,"",70,3125
2025,40,"",75,3200
2025,41,"",75,3275
2025,42,"",91,3366
2025,43,"",76,3442
2025,44,"",79,3521
2025,45,"",85,3606
2025,46,"",84,3690
2025,47,"",88,3778
2025,48,"",67,3845
2025,49,"",78,3923
2025,50,"",64,3987
2025,51,"",74,4061
2025,52,"",76,4137
2026,1,"",75,75
2026,2,"",76,151
2026,3,"",79,230
2026,4,"",75,305
2026,5,"",93,398
2026,6,"",70,468
2026,7,"",96,564
2026,8,"",97,661
2026,9,"",87,748
2026,10,"",76,824
2026,11,"",77,901
2026,12,"",98,999
2026,13,"",81,1080
2026,14,"",104,1184
2026,15,"",95,1279
2026,16,"",61,1340
2026,17,"",75,1415
2026,18,"",95,1510
2026,19,"",92,1602
2026,20,"",70,1672
2026,21,"",91,1763
2026,22,"",94,1857
2026,23,"",70,1927
2026,24,"",110,2037
2026,25,"",81,2118
2026,26,"",62,2180
2026,27,"",65,2245
2026,28,"",63,2308
2026,29,"",84,2392
2026,30,"",69,2461
2026,31,"",71,2532
2026,32,"",81,2613
2026,33,"",74,2687
2026,34,"",74,2761
2026,35,"",66,2827
2026,36,"",70,2897
2026,37,"",88,2985
2026,38,"",81,3066
2026,39,"",85,3151
2026,40,"(Partial Week)",23,3174
