group,row,column,value
All Donor Types,All DCD + non-DCD,To Date,104252
All Donor Types,All DCD + non-DCD,2026,3057
All Donor Types,All DCD + non-DCD,2025,4587
All Donor Types,All DCD + non-DCD,2024,4572
All Donor Types,All DCD + non-DCD,2023,4545
All Donor Types,All DCD + non-DCD,2022,4111
All Donor Types,All DCD + non-DCD,2021,3818
All Donor Types,All DCD + non-DCD,2020,3658
All Donor Types,All DCD + non-DCD,2019,3552
All Donor Types,All DCD + non-DCD,2018,3408
All Donor Types,All DCD + non-DCD,2017,3244
All Donor Types,All DCD + non-DCD,2016,3191
All Donor Types,All DCD + non-DCD,2015,2804
All Donor Types,All DCD + non-DCD,2014,2655
All Donor Types,All DCD + non-DCD,2013,2531
All Donor Types,All DCD + non-DCD,2012,2378
All Donor Types,All DCD + non-DCD,2011,2322
All Donor Types,All DCD + non-DCD,2010,2332
All Donor Types,All DCD + non-DCD,2009,2212
All Donor Types,All DCD + non-DCD,2008,2163
All Donor Types,All DCD + non-DCD,2007,2209
All Donor Types,All DCD + non-DCD,2006,2193
All Donor Types,All DCD + non-DCD,2005,2125
All Donor Types,All DCD + non-DCD,2004,2015
All Donor Types,All DCD + non-DCD,2003,2057
All Donor Types,All DCD + non-DCD,2002,2155
All Donor Types,All DCD + non-DCD,2001,2202
All Donor Types,All DCD + non-DCD,2000,2199
All Donor Types,All DCD + non-DCD,1999,2188
All Donor Types,All DCD + non-DCD,1998,2348
All Donor Types,All DCD + non-DCD,1997,2293
All Donor Types,All DCD + non-DCD,1996,2343
All Donor Types,All DCD + non-DCD,1995,2363
All Donor Types,All DCD + non-DCD,1994,2340
All Donor Types,All DCD + non-DCD,1993,2297
All Donor Types,All DCD + non-DCD,1992,2170
All Donor Types,All DCD + non-DCD,1991,2127
All Donor Types,All DCD + non-DCD,1990,2107
All Donor Types,All DCD + non-DCD,1989,1705
All Donor Types,All DCD + non-DCD,1988,1676
All Donor Types,Brain Death Donor,To Date,87725
All Donor Types,Brain Death Donor,2026,2256
All Donor Types,Brain Death Donor,2025,3534
All Donor Types,Brain Death Donor,2024,3779
All Donor Types,Brain Death Donor,2023,3933
All Donor Types,Brain Death Donor,2022,3768
All Donor Types,Brain Death Donor,2021,3613
All Donor Types,Brain Death Donor,2020,3550
All Donor Types,Brain Death Donor,2019,3545
All Donor Types,Brain Death Donor,2018,3408
All Donor Types,Brain Death Donor,2017,3242
All Donor Types,Brain Death Donor,2016,3190
All Donor Types,Brain Death Donor,2015,2804
All Donor Types,Brain Death Donor,2014,2655
All Donor Types,Brain Death Donor,2013,2530
All Donor Types,Brain Death Donor,2012,2378
All Donor Types,Brain Death Donor,2011,2322
All Donor Types,Brain Death Donor,2010,2331
All Donor Types,Brain Death Donor,2009,2212
All Donor Types,Brain Death Donor,2008,2163
All Donor Types,Brain Death Donor,2007,2206
All Donor Types,Brain Death Donor,2006,2188
All Donor Types,Brain Death Donor,2005,2124
All Donor Types,Brain Death Donor,2004,2014
All Donor Types,Brain Death Donor,2003,2054
All Donor Types,Brain Death Donor,2002,2154
All Donor Types,Brain Death Donor,2001,2200
All Donor Types,Brain Death Donor,2000,2192
All Donor Types,Brain Death Donor,1999,2184
All Donor Types,Brain Death Donor,1998,2335
All Donor Types,Brain Death Donor,1997,2276
All Donor Types,Brain Death Donor,1996,2302
All Donor Types,Brain Death Donor,1995,2349
All Donor Types,Brain Death Donor,1994,1873
All Donor Types,Brain Death Donor,1993,58
All Donor Types,Brain Death Donor,1992,0
All Donor Types,Brain Death Donor,1991,0
All Donor Types,Brain Death Donor,1990,1
All Donor Types,Brain Death Donor,1989,2
All Donor Types,Brain Death Donor,1988,0
All Donor Types,DCD Donor,To Date,3924
All Donor Types,DCD Donor,2026,801
All Donor Types,DCD Donor,2025,1051
All Donor Types,DCD Donor,2024,793
All Donor Types,DCD Donor,2023,612
All Donor Types,DCD Donor,2022,343
All Donor Types,DCD Donor,2021,205
All Donor Types,DCD Donor,2020,107
All Donor Types,DCD Donor,2019,7
All Donor Types,DCD Donor,2018,0
All Donor Types,DCD Donor,2017,0
All Donor Types,DCD Donor,2016,0
All Donor Types,DCD Donor,2015,0
All Donor Types,DCD Donor,2014,0
All Donor Types,DCD Donor,2013,0
All Donor Types,DCD Donor,2012,0
All Donor Types,DCD Donor,2011,0
All Donor Types,DCD Donor,2010,1
All Donor Types,DCD Donor,2009,0
All Donor Types,DCD Donor,2008,0
All Donor Types,DCD Donor,2007,3
All Donor Types,DCD Donor,2006,0
All Donor Types,DCD Donor,2005,0
All Donor Types,DCD Donor,2004,1
All Donor Types,DCD Donor,2003,0
All Donor Types,DCD Donor,2002,0
All Donor Types,DCD Donor,2001,0
All Donor Types,DCD Donor,2000,0
All Donor Types,DCD Donor,1999,0
All Donor Types,DCD Donor,1998,0
All Donor Types,DCD Donor,1997,0
All Donor Types,DCD Donor,1996,0
All Donor Types,DCD Donor,1995,0
All Donor Types,DCD Donor,1994,0
All Donor Types,DCD Donor,1993,0
All Donor Types,DCD Donor,1992,0
All Donor Types,DCD Donor,1991,0
All Donor Types,DCD Donor,1990,0
All Donor Types,DCD Donor,1989,0
All Donor Types,DCD Donor,1988,0
All Donor Types,Living Donor,To Date,43
All Donor Types,Living Donor,2026,0
All Donor Types,Living Donor,2025,0
All Donor Types,Living Donor,2024,0
All Donor Types,Living Donor,2023,0
All Donor Types,Living Donor,2022,0
All Donor Types,Living Donor,2021,0
All Donor Types,Living Donor,2020,0
All Donor Types,Living Donor,2019,0
All Donor Types,Living Donor,2018,0
All Donor Types,Living Donor,2017,2
All Donor Types,Living Donor,2016,1
All Donor Types,Living Donor,2015,0
All Donor Types,Living Donor,2014,0
All Donor Types,Living Donor,2013,0
All Donor Types,Living Donor,2012,0
All Donor Types,Living Donor,2011,0
All Donor Types,Living Donor,2010,0
All Donor Types,Living Donor,2009,0
All Donor Types,Living Donor,2008,0
All Donor Types,Living Donor,2007,0
All Donor Types,Living Donor,2006,1
All Donor Types,Living Donor,2005,0
All Donor Types,Living Donor,2004,0
All Donor Types,Living Donor,2003,0
All Donor Types,Living Donor,2002,0
All Donor Types,Living Donor,2001,0
All Donor Types,Living Donor,2000,0
All Donor Types,Living Donor,1999,0
All Donor Types,Living Donor,1998,0
All Donor Types,Living Donor,1997,0
All Donor Types,Living Donor,1996,1
All Donor Types,Living Donor,1995,0
All Donor Types,Living Donor,1994,3
All Donor Types,Living Donor,1993,2
All Donor Types,Living Donor,1992,1
All Donor Types,Living Donor,1991,4
All Donor Types,Living Donor,1990,12
All Donor Types,Living Donor,1989,9
All Donor Types,Living Donor,1988,7
All Donor Types,No DCD Data Prior to 1994,To Date,12443
All Donor Types,No DCD Data Prior to 1994,2026,0
All Donor Types,No DCD Data Prior to 1994,2025,0
All Donor Types,No DCD Data Prior to 1994,2024,0
All Donor Types,No DCD Data Prior to 1994,2023,0
All Donor Types,No DCD Data Prior to 1994,2022,0
All Donor Types,No DCD Data Prior to 1994,2021,0
All Donor Types,No DCD Data Prior to 1994,2020,0
All Donor Types,No DCD Data Prior to 1994,2019,0
All Donor Types,No DCD Data Prior to 1994,2018,0
All Donor Types,No DCD Data Prior to 1994,2017,0
All Donor Types,No DCD Data Prior to 1994,2016,0
All Donor Types,No DCD Data Prior to 1994,2015,0
All Donor Types,No DCD Data Prior to 1994,2014,0
All Donor Types,No DCD Data Prior to 1994,2013,0
All Donor Types,No DCD Data Prior to 1994,2012,0
All Donor Types,No DCD Data Prior to 1994,2011,0
All Donor Types,No DCD Data Prior to 1994,2010,0
All Donor Types,No DCD Data Prior to 1994,2009,0
All Donor Types,No DCD Data Prior to 1994,2008,0
All Donor Types,No DCD Data Prior to 1994,2007,0
All Donor Types,No DCD Data Prior to 1994,2006,0
All Donor Types,No DCD Data Prior to 1994,2005,0
All Donor Types,No DCD Data Prior to 1994,2004,0
All Donor Types,No DCD Data Prior to 1994,2003,0
All Donor Types,No DCD Data Prior to 1994,2002,0
All Donor Types,No DCD Data Prior to 1994,2001,0
All Donor Types,No DCD Data Prior to 1994,2000,0
All Donor Types,No DCD Data Prior to 1994,1999,0
All Donor Types,No DCD Data Prior to 1994,1998,0
All Donor Types,No DCD Data Prior to 1994,1997,0
All Donor Types,No DCD Data Prior to 1994,1996,0
All Donor Types,No DCD Data Prior to 1994,1995,0
All Donor Types,No DCD Data Prior to 1994,1994,457
All Donor Types,No DCD Data Prior to 1994,1993,2237
All Donor Types,No DCD Data Prior to 1994,1992,2169
All Donor Types,No DCD Data Prior to 1994,1991,2123
All Donor Types,No DCD Data Prior to 1994,1990,2094
All Donor Types,No DCD Data Prior to 1994,1989,1694
All Donor Types,No DCD Data Prior to 1994,1988,1669
All Donor Types,Not Reported,To Date,117
All Donor Types,Not Reported,2026,0
All Donor Types,Not Reported,2025,2
All Donor Types,Not Reported,2024,0
All Donor Types,Not Reported,2023,0
All Donor Types,Not Reported,2022,0
All Donor Types,Not Reported,2021,0
All Donor Types,Not Reported,2020,1
All Donor Types,Not Reported,2019,0
All Donor Types,Not Reported,2018,0
All Donor Types,Not Reported,2017,0
All Donor Types,Not Reported,2016,0
All Donor Types,Not Reported,2015,0
All Donor Types,Not Reported,2014,0
All Donor Types,Not Reported,2013,1
All Donor Types,Not Reported,2012,0
All Donor Types,Not Reported,2011,0
All Donor Types,Not Reported,2010,0
All Donor Types,Not Reported,2009,0
All Donor Types,Not Reported,2008,0
All Donor Types,Not Reported,2007,0
All Donor Types,Not Reported,2006,4
All Donor Types,Not Reported,2005,1
All Donor Types,Not Reported,2004,0
All Donor Types,Not Reported,2003,3
All Donor Types,Not Reported,2002,1
All Donor Types,Not Reported,2001,2
All Donor Types,Not Reported,2000,7
All Donor Types,Not Reported,1999,4
All Donor Types,Not Reported,1998,13
All Donor Types,Not Reported,1997,17
All Donor Types,Not Reported,1996,40
All Donor Types,Not Reported,1995,14
All Donor Types,Not Reported,1994,7
All Donor Types,Not Reported,1993,0
All Donor Types,Not Reported,1992,0
All Donor Types,Not Reported,1991,0
All Donor Types,Not Reported,1990,0
All Donor Types,Not Reported,1989,0
All Donor Types,Not Reported,1988,0
Deceased Donor,All DCD + non-DCD,To Date,104209
Deceased Donor,All DCD + non-DCD,2026,3057
Deceased Donor,All DCD + non-DCD,2025,4587
Deceased Donor,All DCD + non-DCD,2024,4572
Deceased Donor,All DCD + non-DCD,2023,4545
Deceased Donor,All DCD + non-DCD,2022,4111
Deceased Donor,All DCD + non-DCD,2021,3818
Deceased Donor,All DCD + non-DCD,2020,3658
Deceased Donor,All DCD + non-DCD,2019,3552
Deceased Donor,All DCD + non-DCD,2018,3408
Deceased Donor,All DCD + non-DCD,2017,3242
Deceased Donor,All DCD + non-DCD,2016,3190
Deceased Donor,All DCD + non-DCD,2015,2804
Deceased Donor,All DCD + non-DCD,2014,2655
Deceased Donor,All DCD + non-DCD,2013,2531
Deceased Donor,All DCD + non-DCD,2012,2378
Deceased Donor,All DCD + non-DCD,2011,2322
Deceased Donor,All DCD + non-DCD,2010,2332
Deceased Donor,All DCD + non-DCD,2009,2212
Deceased Donor,All DCD + non-DCD,2008,2163
Deceased Donor,All DCD + non-DCD,2007,2209
Deceased Donor,All DCD + non-DCD,2006,2192
Deceased Donor,All DCD + non-DCD,2005,2125
Deceased Donor,All DCD + non-DCD,2004,2015
Deceased Donor,All DCD + non-DCD,2003,2057
Deceased Donor,All DCD + non-DCD,2002,2155
Deceased Donor,All DCD + non-DCD,2001,2202
Deceased Donor,All DCD + non-DCD,2000,2199
Deceased Donor,All DCD + non-DCD,1999,2188
Deceased Donor,All DCD + non-DCD,1998,2348
Deceased Donor,All DCD + non-DCD,1997,2293
Deceased Donor,All DCD + non-DCD,1996,2342
Deceased Donor,All DCD + non-DCD,1995,2363
Deceased Donor,All DCD + non-DCD,1994,2337
Deceased Donor,All DCD + non-DCD,1993,2295
Deceased Donor,All DCD + non-DCD,1992,2169
Deceased Donor,All DCD + non-DCD,1991,2123
Deceased Donor,All DCD + non-DCD,1990,2095
Deceased Donor,All DCD + non-DCD,1989,1696
Deceased Donor,All DCD + non-DCD,1988,1669
Deceased Donor,Brain Death Donor,To Date,87725
Deceased Donor,Brain Death Donor,2026,2256
Deceased Donor,Brain Death Donor,2025,3534
Deceased Donor,Brain Death Donor,2024,3779
Deceased Donor,Brain Death Donor,2023,3933
Deceased Donor,Brain Death Donor,2022,3768
Deceased Donor,Brain Death Donor,2021,3613
Deceased Donor,Brain Death Donor,2020,3550
Deceased Donor,Brain Death Donor,2019,3545
Deceased Donor,Brain Death Donor,2018,3408
Deceased Donor,Brain Death Donor,2017,3242
Deceased Donor,Brain Death Donor,2016,3190
Deceased Donor,Brain Death Donor,2015,2804
Deceased Donor,Brain Death Donor,2014,2655
Deceased Donor,Brain Death Donor,2013,2530
Deceased Donor,Brain Death Donor,2012,2378
Deceased Donor,Brain Death Donor,2011,2322
Deceased Donor,Brain Death Donor,2010,2331
Deceased Donor,Brain Death Donor,2009,2212
Deceased Donor,Brain Death Donor,2008,2163
Deceased Donor,Brain Death Donor,2007,2206
Deceased Donor,Brain Death Donor,2006,2188
Deceased Donor,Brain Death Donor,2005,2124
Deceased Donor,Brain Death Donor,2004,2014
Deceased Donor,Brain Death Donor,2003,2054
Deceased Donor,Brain Death Donor,2002,2154
Deceased Donor,Brain Death Donor,2001,2200
Deceased Donor,Brain Death Donor,2000,2192
Deceased Donor,Brain Death Donor,1999,2184
Deceased Donor,Brain Death Donor,1998,2335
Deceased Donor,Brain Death Donor,1997,2276
Deceased Donor,Brain Death Donor,1996,2302
Deceased Donor,Brain Death Donor,1995,2349
Deceased Donor,Brain Death Donor,1994,1873
Deceased Donor,Brain Death Donor,1993,58
Deceased Donor,Brain Death Donor,1992,0
Deceased Donor,Brain Death Donor,1991,0
Deceased Donor,Brain Death Donor,1990,1
Deceased Donor,Brain Death Donor,1989,2
Deceased Donor,Brain Death Donor,1988,0
Deceased Donor,DCD Donor,To Date,3924
Deceased Donor,DCD Donor,2026,801
Deceased Donor,DCD Donor,2025,1051
Deceased Donor,DCD Donor,2024,793
Deceased Donor,DCD Donor,2023,612
Deceased Donor,DCD Donor,2022,343
Deceased Donor,DCD Donor,2021,205
Deceased Donor,DCD Donor,2020,107
Deceased Donor,DCD Donor,2019,7
Deceased Donor,DCD Donor,2018,0
Deceased Donor,DCD Donor,2017,0
Deceased Donor,DCD Donor,2016,0
Deceased Donor,DCD Donor,2015,0
Deceased Donor,DCD Donor,2014,0
Deceased Donor,DCD Donor,2013,0
Deceased Donor,DCD Donor,2012,0
Deceased Donor,DCD Donor,2011,0
Deceased Donor,DCD Donor,2010,1
Deceased Donor,DCD Donor,2009,0
Deceased Donor,DCD Donor,2008,0
Deceased Donor,DCD Donor,2007,3
Deceased Donor,DCD Donor,2006,0
Deceased Donor,DCD Donor,2005,0
Deceased Donor,DCD Donor,2004,1
Deceased Donor,DCD Donor,2003,0
Deceased Donor,DCD Donor,2002,0
Deceased Donor,DCD Donor,2001,0
Deceased Donor,DCD Donor,2000,0
Deceased Donor,DCD Donor,1999,0
Deceased Donor,DCD Donor,1998,0
Deceased Donor,DCD Donor,1997,0
Deceased Donor,DCD Donor,1996,0
Deceased Donor,DCD Donor,1995,0
Deceased Donor,DCD Donor,1994,0
Deceased Donor,DCD Donor,1993,0
Deceased Donor,DCD Donor,1992,0
Deceased Donor,DCD Donor,1991,0
Deceased Donor,DCD Donor,1990,0
Deceased Donor,DCD Donor,1989,0
Deceased Donor,DCD Donor,1988,0
Deceased Donor,No DCD Data Prior to 1994,To Date,12443
Deceased Donor,No DCD Data Prior to 1994,2026,0
Deceased Donor,No DCD Data Prior to 1994,2025,0
Deceased Donor,No DCD Data Prior to 1994,2024,0
Deceased Donor,No DCD Data Prior to 1994,2023,0
Deceased Donor,No DCD Data Prior to 1994,2022,0
Deceased Donor,No DCD Data Prior to 1994,2021,0
Deceased Donor,No DCD Data Prior to 1994,2020,0
Deceased Donor,No DCD Data Prior to 1994,2019,0
Deceased Donor,No DCD Data Prior to 1994,2018,0
Deceased Donor,No DCD Data Prior to 1994,2017,0
Deceased Donor,No DCD Data Prior to 1994,2016,0
Deceased Donor,No DCD Data Prior to 1994,2015,0
Deceased Donor,No DCD Data Prior to 1994,2014,0
Deceased Donor,No DCD Data Prior to 1994,2013,0
Deceased Donor,No DCD Data Prior to 1994,2012,0
Deceased Donor,No DCD Data Prior to 1994,2011,0
Deceased Donor,No DCD Data Prior to 1994,2010,0
Deceased Donor,No DCD Data Prior to 1994,2009,0
Deceased Donor,No DCD Data Prior to 1994,2008,0
Deceased Donor,No DCD Data Prior to 1994,2007,0
Deceased Donor,No DCD Data Prior to 1994,2006,0
Deceased Donor,No DCD Data Prior to 1994,2005,0
Deceased Donor,No DCD Data Prior to 1994,2004,0
Deceased Donor,No DCD Data Prior to 1994,2003,0
Deceased Donor,No DCD Data Prior to 1994,2002,0
Deceased Donor,No DCD Data Prior to 1994,2001,0
Deceased Donor,No DCD Data Prior to 1994,2000,0
Deceased Donor,No DCD Data Prior to 1994,1999,0
Deceased Donor,No DCD Data Prior to 1994,1998,0
Deceased Donor,No DCD Data Prior to 1994,1997,0
Deceased Donor,No DCD Data Prior to 1994,1996,0
Deceased Donor,No DCD Data Prior to 1994,1995,0
Deceased Donor,No DCD Data Prior to 1994,1994,457
Deceased Donor,No DCD Data Prior to 1994,1993,2237
Deceased Donor,No DCD Data Prior to 1994,1992,2169
Deceased Donor,No DCD Data Prior to 1994,1991,2123
Deceased Donor,No DCD Data Prior to 1994,1990,2094
Deceased Donor,No DCD Data Prior to 1994,1989,1694
Deceased Donor,No DCD Data Prior to 1994,1988,1669
Deceased Donor,Not Reported,To Date,117
Deceased Donor,Not Reported,2026,0
Deceased Donor,Not Reported,2025,2
Deceased Donor,Not Reported,2024,0
Deceased Donor,Not Reported,2023,0
Deceased Donor,Not Reported,2022,0
Deceased Donor,Not Reported,2021,0
Deceased Donor,Not Reported,2020,1
Deceased Donor,Not Reported,2019,0
Deceased Donor,Not Reported,2018,0
Deceased Donor,Not Reported,2017,0
Deceased Donor,Not Reported,2016,0
Deceased Donor,Not Reported,2015,0
Deceased Donor,Not Reported,2014,0
Deceased Donor,Not Reported,2013,1
Deceased Donor,Not Reported,2012,0
Deceased Donor,Not Reported,2011,0
Deceased Donor,Not Reported,2010,0
Deceased Donor,Not Reported,2009,0
Deceased Donor,Not Reported,2008,0
Deceased Donor,Not Reported,2007,0
Deceased Donor,Not Reported,2006,4
Deceased Donor,Not Reported,2005,1
Deceased Donor,Not Reported,2004,0
Deceased Donor,Not Reported,2003,3
Deceased Donor,Not Reported,2002,1
Deceased Donor,Not Reported,2001,2
Deceased Donor,Not Reported,2000,7
Deceased Donor,Not Reported,1999,4
Deceased Donor,Not Reported,1998,13
Deceased Donor,Not Reported,1997,17
Deceased Donor,Not Reported,1996,40
Deceased Donor,Not Reported,1995,14
Deceased Donor,Not Reported,1994,7
Deceased Donor,Not Reported,1993,0
Deceased Donor,Not Reported,1992,0
Deceased Donor,Not Reported,1991,0
Deceased Donor,Not Reported,1990,0
Deceased Donor,Not Reported,1989,0
Deceased Donor,Not Reported,1988,0
Living Donor,All DCD + non-DCD,To Date,43
Living Donor,All DCD + non-DCD,2026,0
Living Donor,All DCD + non-DCD,2025,0
Living Donor,All DCD + non-DCD,2024,0
Living Donor,All DCD + non-DCD,2023,0
Living Donor,All DCD + non-DCD,2022,0
Living Donor,All DCD + non-DCD,2021,0
Living Donor,All DCD + non-DCD,2020,0
Living Donor,All DCD + non-DCD,2019,0
Living Donor,All DCD + non-DCD,2018,0
Living Donor,All DCD + non-DCD,2017,2
Living Donor,All DCD + non-DCD,2016,1
Living Donor,All DCD + non-DCD,2015,0
Living Donor,All DCD + non-DCD,2014,0
Living Donor,All DCD + non-DCD,2013,0
Living Donor,All DCD + non-DCD,2012,0
Living Donor,All DCD + non-DCD,2011,0
Living Donor,All DCD + non-DCD,2010,0
Living Donor,All DCD + non-DCD,2009,0
Living Donor,All DCD + non-DCD,2008,0
Living Donor,All DCD + non-DCD,2007,0
Living Donor,All DCD + non-DCD,2006,1
Living Donor,All DCD + non-DCD,2005,0
Living Donor,All DCD + non-DCD,2004,0
Living Donor,All DCD + non-DCD,2003,0
Living Donor,All DCD + non-DCD,2002,0
Living Donor,All DCD + non-DCD,2001,0
Living Donor,All DCD + non-DCD,2000,0
Living Donor,All DCD + non-DCD,1999,0
Living Donor,All DCD + non-DCD,1998,0
Living Donor,All DCD + non-DCD,1997,0
Living Donor,All DCD + non-DCD,1996,1
Living Donor,All DCD + non-DCD,1995,0
Living Donor,All DCD + non-DCD,1994,3
Living Donor,All DCD + non-DCD,1993,2
Living Donor,All DCD + non-DCD,1992,1
Living Donor,All DCD + non-DCD,1991,4
Living Donor,All DCD + non-DCD,1990,12
Living Donor,All DCD + non-DCD,1989,9
Living Donor,All DCD + non-DCD,1988,7
Living Donor,Living Donor,To Date,43
Living Donor,Living Donor,2026,0
Living Donor,Living Donor,2025,0
Living Donor,Living Donor,2024,0
Living Donor,Living Donor,2023,0
Living Donor,Living Donor,2022,0
Living Donor,Living Donor,2021,0
Living Donor,Living Donor,2020,0
Living Donor,Living Donor,2019,0
Living Donor,Living Donor,2018,0
Living Donor,Living Donor,2017,2
Living Donor,Living Donor,2016,1
Living Donor,Living Donor,2015,0
Living Donor,Living Donor,2014,0
Living Donor,Living Donor,2013,0
Living Donor,Living Donor,2012,0
Living Donor,Living Donor,2011,0
Living Donor,Living Donor,2010,0
Living Donor,Living Donor,2009,0
Living Donor,Living Donor,2008,0
Living Donor,Living Donor,2007,0
Living Donor,Living Donor,2006,1
Living Donor,Living Donor,2005,0
Living Donor,Living Donor,2004,0
Living Donor,Living Donor,2003,0
Living Donor,Living Donor,2002,0
Living Donor,Living Donor,2001,0
Living Donor,Living Donor,2000,0
Living Donor,Living Donor,1999,0
Living Donor,Living Donor,1998,0
Living Donor,Living Donor,1997,0
Living Donor,Living Donor,1996,1
Living Donor,Living Donor,1995,0
Living Donor,Living Donor,1994,3
Living Donor,Living Donor,1993,2
Living Donor,Living Donor,1992,1
Living Donor,Living Donor,1991,4
Living Donor,Living Donor,1990,12
Living Donor,Living Donor,1989,9
Living Donor,Living Donor,1988,7
